Teacher_ID,Teacher_Name,Department,Experience_Years,Employment_Type,City
T0001,Teacher_0001,Engineering,16,Full-Time,Delhi
T0002,Teacher_0002,Computer Science,13,Part-Time,Pune
T0003,Teacher_0003,Engineering,8,Contract,Mumbai
T0004,Teacher_0004,Computer Science,6,Part-Time,Mumbai
T0005,Teacher_0005,Commerce,19,Full-Time,Bengaluru
T0006,Teacher_0006,Engineering,5,Full-Time,Mumbai
T0007,Teacher_0007,Arts,14,Full-Time,Ahmedabad
T0008,Teacher_0008,Engineering,6,Part-Time,Chennai
T0009,Teacher_0009,Commerce,1,Part-Time,Hyderabad
T0010,Teacher_0010,Data Analytics,20,Part-Time,Delhi
T0011,Teacher_0011,Business,1,Contract,Hyderabad
T0012,Teacher_0012,Commerce,11,Full-Time,Mumbai
T0013,Teacher_0013,Engineering,14,Contract,Mumbai
T0014,Teacher_0014,Computer Science,1,Part-Time,Pune
T0015,Teacher_0015,Business,11,Contract,Bengaluru
T0016,Teacher_0016,Commerce,18,Full-Time,Pune
T0017,Teacher_0017,Engineering,14,Full-Time,Ahmedabad
T0018,Teacher_0018,Data Analytics,19,Part-Time,Ahmedabad
T0019,Teacher_0019,Business,3,Full-Time,Chennai
T0020,Teacher_0020,Business,15,Contract,Delhi
T0021,Teacher_0021,Arts,16,Contract,Mumbai
T0022,Teacher_0022,Engineering,1,Contract,Ahmedabad
T0023,Teacher_0023,Commerce,18,Full-Time,Ahmedabad
T0024,Teacher_0024,Business,10,Full-Time,Chennai
T0025,Teacher_0025,Arts,3,Full-Time,Kolkata
T0026,Teacher_0026,Commerce,16,Part-Time,Hyderabad
T0027,Teacher_0027,Engineering,10,Full-Time,Kolkata
T0028,Teacher_0028,Business,8,Part-Time,Delhi
T0029,Teacher_0029,Business,11,Full-Time,Delhi
T0030,Teacher_0030,Business,7,Part-Time,Bengaluru
T0031,Teacher_0031,Computer Science,9,Full-Time,Chennai
T0032,Teacher_0032,Data Analytics,13,Contract,Delhi
T0033,Teacher_0033,Engineering,17,Part-Time,Hyderabad
T0034,Teacher_0034,Engineering,17,Contract,Hyderabad
T0035,Teacher_0035,Computer Science,4,Contract,Pune
T0036,Teacher_0036,Business,2,Full-Time,Pune
T0037,Teacher_0037,Commerce,18,Contract,Kolkata
T0038,Teacher_0038,Arts,11,Part-Time,Mumbai
T0039,Teacher_0039,Computer Science,9,Part-Time,Mumbai
T0040,Teacher_0040,Business,2,Full-Time,Hyderabad
T0041,Teacher_0041,Arts,9,Contract,Ahmedabad
T0042,Teacher_0042,Computer Science,18,Full-Time,Chennai
T0043,Teacher_0043,Data Analytics,9,Full-Time,Chennai
T0044,Teacher_0044,Computer Science,10,Contract,Hyderabad
T0045,Teacher_0045,Computer Science,3,Contract,Hyderabad
T0046,Teacher_0046,Business,7,Part-Time,Mumbai
T0047,Teacher_0047,Business,8,Contract,Ahmedabad
T0048,Teacher_0048,Engineering,12,Contract,Hyderabad
T0049,Teacher_0049,Data Analytics,1,Part-Time,Ahmedabad
T0050,Teacher_0050,Data Analytics,3,Part-Time,Mumbai
T0051,Teacher_0051,Engineering,13,Full-Time,Kolkata
T0052,Teacher_0052,Arts,11,Full-Time,Ahmedabad
T0053,Teacher_0053,Engineering,12,Full-Time,Ahmedabad
T0054,Teacher_0054,Engineering,19,Contract,Pune
T0055,Teacher_0055,Business,11,Full-Time,Mumbai
T0056,Teacher_0056,Data Analytics,20,Contract,Mumbai
T0057,Teacher_0057,Computer Science,1,Part-Time,Kolkata
T0058,Teacher_0058,Business,8,Full-Time,Bengaluru
T0059,Teacher_0059,Computer Science,19,Part-Time,Pune
T0060,Teacher_0060,Commerce,17,Full-Time,Ahmedabad
T0061,Teacher_0061,Business,7,Contract,Ahmedabad
T0062,Teacher_0062,Commerce,10,Full-Time,Ahmedabad
T0063,Teacher_0063,Computer Science,6,Contract,Ahmedabad
T0064,Teacher_0064,Data Analytics,8,Part-Time,Chennai
T0065,Teacher_0065,Business,12,Full-Time,Ahmedabad
T0066,Teacher_0066,Arts,9,Part-Time,Kolkata
T0067,Teacher_0067,Data Analytics,20,Full-Time,Hyderabad
T0068,Teacher_0068,Commerce,14,Contract,Bengaluru
T0069,Teacher_0069,Engineering,19,Part-Time,Pune
T0070,Teacher_0070,Data Analytics,20,Contract,Kolkata
T0071,Teacher_0071,Business,14,Contract,Mumbai
T0072,Teacher_0072,Engineering,6,Contract,Kolkata
T0073,Teacher_0073,Arts,16,Full-Time,Bengaluru
T0074,Teacher_0074,Data Analytics,5,Full-Time,Bengaluru
T0075,Teacher_0075,Business,8,Full-Time,Chennai
T0076,Teacher_0076,Arts,5,Contract,Delhi
T0077,Teacher_0077,Engineering,4,Full-Time,Mumbai
T0078,Teacher_0078,Commerce,18,Part-Time,Bengaluru
T0079,Teacher_0079,Commerce,3,Part-Time,Hyderabad
T0080,Teacher_0080,Data Analytics,2,Contract,Pune
T0081,Teacher_0081,Computer Science,5,Part-Time,Kolkata
T0082,Teacher_0082,Business,8,Full-Time,Delhi
T0083,Teacher_0083,Data Analytics,20,Part-Time,Delhi
T0084,Teacher_0084,Data Analytics,5,Part-Time,Kolkata
T0085,Teacher_0085,Computer Science,12,Part-Time,Bengaluru
T0086,Teacher_0086,Data Analytics,18,Full-Time,Delhi
T0087,Teacher_0087,Engineering,7,Full-Time,Delhi
T0088,Teacher_0088,Engineering,11,Contract,Pune
T0089,Teacher_0089,Commerce,15,Full-Time,Bengaluru
T0090,Teacher_0090,Computer Science,19,Part-Time,Pune
T0091,Teacher_0091,Arts,8,Contract,Ahmedabad
T0092,Teacher_0092,Commerce,18,Contract,Kolkata
T0093,Teacher_0093,Engineering,18,Contract,Chennai
T0094,Teacher_0094,Engineering,4,Full-Time,Hyderabad
T0095,Teacher_0095,Arts,8,Part-Time,Mumbai
T0096,Teacher_0096,Commerce,18,Contract,Chennai
T0097,Teacher_0097,Data Analytics,5,Full-Time,Mumbai
T0098,Teacher_0098,Commerce,5,Part-Time,Kolkata
T0099,Teacher_0099,Business,9,Contract,Bengaluru
T0100,Teacher_0100,Commerce,1,Contract,Pune
T0101,Teacher_0101,Engineering,13,Full-Time,Pune
T0102,Teacher_0102,Engineering,11,Full-Time,Mumbai
T0103,Teacher_0103,Engineering,14,Full-Time,Ahmedabad
T0104,Teacher_0104,Business,9,Part-Time,Kolkata
T0105,Teacher_0105,Computer Science,14,Part-Time,Pune
T0106,Teacher_0106,Data Analytics,19,Full-Time,Chennai
T0107,Teacher_0107,Commerce,9,Contract,Hyderabad
T0108,Teacher_0108,Data Analytics,17,Contract,Chennai
T0109,Teacher_0109,Business,15,Full-Time,Pune
T0110,Teacher_0110,Commerce,5,Part-Time,Ahmedabad
T0111,Teacher_0111,Computer Science,6,Full-Time,Delhi
T0112,Teacher_0112,Arts,17,Contract,Pune
T0113,Teacher_0113,Engineering,11,Contract,Pune
T0114,Teacher_0114,Engineering,12,Part-Time,Delhi
T0115,Teacher_0115,Arts,15,Contract,Chennai
T0116,Teacher_0116,Business,14,Contract,Delhi
T0117,Teacher_0117,Commerce,8,Part-Time,Chennai
T0118,Teacher_0118,Business,16,Full-Time,Kolkata
T0119,Teacher_0119,Engineering,16,Part-Time,Chennai
T0120,Teacher_0120,Computer Science,13,Full-Time,Kolkata
T0121,Teacher_0121,Commerce,11,Part-Time,Hyderabad
T0122,Teacher_0122,Data Analytics,20,Contract,Hyderabad
T0123,Teacher_0123,Computer Science,17,Part-Time,Hyderabad
T0124,Teacher_0124,Computer Science,9,Contract,Delhi
T0125,Teacher_0125,Business,8,Part-Time,Delhi
T0126,Teacher_0126,Business,8,Part-Time,Mumbai
T0127,Teacher_0127,Data Analytics,15,Full-Time,Chennai
T0128,Teacher_0128,Commerce,1,Contract,Chennai
T0129,Teacher_0129,Engineering,18,Contract,Hyderabad
T0130,Teacher_0130,Engineering,17,Full-Time,Pune
T0131,Teacher_0131,Business,9,Part-Time,Delhi
T0132,Teacher_0132,Engineering,2,Full-Time,Hyderabad
T0133,Teacher_0133,Computer Science,18,Full-Time,Delhi
T0134,Teacher_0134,Computer Science,13,Part-Time,Pune
T0135,Teacher_0135,Commerce,14,Full-Time,Delhi
T0136,Teacher_0136,Commerce,9,Part-Time,Chennai
T0137,Teacher_0137,Computer Science,3,Contract,Delhi
T0138,Teacher_0138,Commerce,18,Part-Time,Delhi
T0139,Teacher_0139,Engineering,2,Contract,Chennai
T0140,Teacher_0140,Data Analytics,10,Contract,Ahmedabad
T0141,Teacher_0141,Computer Science,5,Contract,Pune
T0142,Teacher_0142,Business,14,Contract,Kolkata
T0143,Teacher_0143,Arts,1,Full-Time,Pune
T0144,Teacher_0144,Commerce,3,Full-Time,Mumbai
T0145,Teacher_0145,Computer Science,19,Full-Time,Chennai
T0146,Teacher_0146,Data Analytics,1,Contract,Delhi
T0147,Teacher_0147,Business,13,Contract,Delhi
T0148,Teacher_0148,Arts,4,Contract,Delhi
T0149,Teacher_0149,Arts,10,Part-Time,Delhi
T0150,Teacher_0150,Engineering,4,Part-Time,Delhi
T0151,Teacher_0151,Engineering,20,Full-Time,Chennai
T0152,Teacher_0152,Arts,12,Contract,Mumbai
T0153,Teacher_0153,Arts,9,Part-Time,Chennai
T0154,Teacher_0154,Engineering,13,Contract,Chennai
T0155,Teacher_0155,Engineering,2,Contract,Pune
T0156,Teacher_0156,Business,1,Full-Time,Kolkata
T0157,Teacher_0157,Data Analytics,8,Contract,Hyderabad
T0158,Teacher_0158,Commerce,14,Contract,Ahmedabad
T0159,Teacher_0159,Arts,15,Full-Time,Delhi
T0160,Teacher_0160,Data Analytics,14,Full-Time,Kolkata
T0161,Teacher_0161,Business,7,Contract,Pune
T0162,Teacher_0162,Business,19,Full-Time,Delhi
T0163,Teacher_0163,Engineering,4,Contract,Bengaluru
T0164,Teacher_0164,Engineering,17,Contract,Delhi
T0165,Teacher_0165,Commerce,9,Full-Time,Mumbai
T0166,Teacher_0166,Data Analytics,11,Part-Time,Chennai
T0167,Teacher_0167,Commerce,4,Contract,Mumbai
T0168,Teacher_0168,Commerce,6,Contract,Bengaluru
T0169,Teacher_0169,Computer Science,18,Part-Time,Delhi
T0170,Teacher_0170,Computer Science,5,Contract,Bengaluru
T0171,Teacher_0171,Arts,2,Part-Time,Ahmedabad
T0172,Teacher_0172,Computer Science,11,Part-Time,Hyderabad
T0173,Teacher_0173,Arts,12,Part-Time,Hyderabad
T0174,Teacher_0174,Data Analytics,16,Part-Time,Bengaluru
T0175,Teacher_0175,Engineering,15,Full-Time,Bengaluru
T0176,Teacher_0176,Data Analytics,19,Contract,Delhi
T0177,Teacher_0177,Computer Science,8,Full-Time,Mumbai
T0178,Teacher_0178,Business,1,Full-Time,Kolkata
T0179,Teacher_0179,Engineering,20,Part-Time,Delhi
T0180,Teacher_0180,Data Analytics,8,Contract,Bengaluru
T0181,Teacher_0181,Computer Science,18,Full-Time,Ahmedabad
T0182,Teacher_0182,Computer Science,9,Contract,Chennai
T0183,Teacher_0183,Business,8,Contract,Bengaluru
T0184,Teacher_0184,Arts,11,Part-Time,Hyderabad
T0185,Teacher_0185,Engineering,2,Part-Time,Hyderabad
T0186,Teacher_0186,Computer Science,5,Part-Time,Chennai
T0187,Teacher_0187,Arts,3,Part-Time,Pune
T0188,Teacher_0188,Business,6,Contract,Delhi
T0189,Teacher_0189,Business,11,Part-Time,Pune
T0190,Teacher_0190,Engineering,11,Part-Time,Kolkata
T0191,Teacher_0191,Computer Science,15,Full-Time,Hyderabad
T0192,Teacher_0192,Computer Science,19,Contract,Hyderabad
T0193,Teacher_0193,Engineering,19,Full-Time,Ahmedabad
T0194,Teacher_0194,Engineering,10,Contract,Ahmedabad
T0195,Teacher_0195,Arts,10,Contract,Mumbai
T0196,Teacher_0196,Commerce,8,Full-Time,Chennai
T0197,Teacher_0197,Arts,1,Part-Time,Ahmedabad
T0198,Teacher_0198,Business,18,Part-Time,Hyderabad
T0199,Teacher_0199,Arts,13,Contract,Hyderabad
T0200,Teacher_0200,Engineering,18,Part-Time,Pune
T0201,Teacher_0201,Engineering,13,Contract,Hyderabad
T0202,Teacher_0202,Engineering,19,Full-Time,Delhi
T0203,Teacher_0203,Business,8,Part-Time,Kolkata
T0204,Teacher_0204,Engineering,9,Part-Time,Ahmedabad
T0205,Teacher_0205,Business,3,Contract,Chennai
T0206,Teacher_0206,Arts,13,Full-Time,Mumbai
T0207,Teacher_0207,Business,9,Part-Time,Kolkata
T0208,Teacher_0208,Data Analytics,18,Part-Time,Pune
T0209,Teacher_0209,Commerce,12,Part-Time,Hyderabad
T0210,Teacher_0210,Commerce,20,Full-Time,Pune
T0211,Teacher_0211,Commerce,9,Full-Time,Mumbai
T0212,Teacher_0212,Engineering,14,Contract,Mumbai
T0213,Teacher_0213,Commerce,10,Part-Time,Mumbai
T0214,Teacher_0214,Data Analytics,15,Contract,Kolkata
T0215,Teacher_0215,Business,9,Contract,Chennai
T0216,Teacher_0216,Arts,6,Part-Time,Kolkata
T0217,Teacher_0217,Engineering,1,Full-Time,Chennai
T0218,Teacher_0218,Engineering,9,Contract,Kolkata
T0219,Teacher_0219,Data Analytics,3,Full-Time,Ahmedabad
T0220,Teacher_0220,Business,9,Part-Time,Chennai
T0221,Teacher_0221,Commerce,12,Contract,Pune
T0222,Teacher_0222,Business,16,Part-Time,Kolkata
T0223,Teacher_0223,Business,7,Full-Time,Bengaluru
T0224,Teacher_0224,Computer Science,17,Contract,Mumbai
T0225,Teacher_0225,Commerce,16,Full-Time,Kolkata
T0226,Teacher_0226,Engineering,5,Contract,Kolkata
T0227,Teacher_0227,Data Analytics,6,Part-Time,Bengaluru
T0228,Teacher_0228,Business,2,Part-Time,Delhi
T0229,Teacher_0229,Computer Science,19,Contract,Mumbai
T0230,Teacher_0230,Engineering,8,Full-Time,Kolkata
T0231,Teacher_0231,Data Analytics,17,Part-Time,Hyderabad
T0232,Teacher_0232,Arts,16,Contract,Mumbai
T0233,Teacher_0233,Arts,14,Part-Time,Chennai
T0234,Teacher_0234,Commerce,18,Part-Time,Mumbai
T0235,Teacher_0235,Engineering,17,Part-Time,Kolkata
T0236,Teacher_0236,Commerce,16,Contract,Pune
T0237,Teacher_0237,Commerce,15,Contract,Delhi
T0238,Teacher_0238,Computer Science,12,Part-Time,Chennai
T0239,Teacher_0239,Business,19,Part-Time,Chennai
T0240,Teacher_0240,Commerce,4,Part-Time,Chennai
T0241,Teacher_0241,Computer Science,8,Part-Time,Pune
T0242,Teacher_0242,Computer Science,20,Full-Time,Hyderabad
T0243,Teacher_0243,Data Analytics,4,Contract,Kolkata
T0244,Teacher_0244,Computer Science,8,Part-Time,Pune
T0245,Teacher_0245,Engineering,16,Part-Time,Delhi
T0246,Teacher_0246,Commerce,16,Part-Time,Pune
T0247,Teacher_0247,Arts,6,Part-Time,Bengaluru
T0248,Teacher_0248,Computer Science,6,Part-Time,Hyderabad
T0249,Teacher_0249,Commerce,14,Contract,Pune
T0250,Teacher_0250,Commerce,12,Full-Time,Bengaluru
T0251,Teacher_0251,Business,6,Part-Time,Pune
T0252,Teacher_0252,Engineering,5,Full-Time,Chennai
T0253,Teacher_0253,Computer Science,10,Part-Time,Kolkata
T0254,Teacher_0254,Arts,14,Contract,Ahmedabad
T0255,Teacher_0255,Commerce,7,Full-Time,Ahmedabad
T0256,Teacher_0256,Engineering,11,Part-Time,Chennai
T0257,Teacher_0257,Arts,12,Part-Time,Bengaluru
T0258,Teacher_0258,Business,9,Contract,Kolkata
T0259,Teacher_0259,Arts,15,Contract,Mumbai
T0260,Teacher_0260,Data Analytics,5,Part-Time,Delhi
T0261,Teacher_0261,Business,9,Contract,Mumbai
T0262,Teacher_0262,Computer Science,10,Part-Time,Chennai
T0263,Teacher_0263,Computer Science,15,Full-Time,Bengaluru
T0264,Teacher_0264,Commerce,8,Full-Time,Hyderabad
T0265,Teacher_0265,Engineering,14,Full-Time,Ahmedabad
T0266,Teacher_0266,Business,17,Full-Time,Chennai
T0267,Teacher_0267,Engineering,17,Contract,Chennai
T0268,Teacher_0268,Commerce,8,Part-Time,Hyderabad
T0269,Teacher_0269,Data Analytics,1,Part-Time,Mumbai
T0270,Teacher_0270,Computer Science,10,Full-Time,Mumbai
T0271,Teacher_0271,Engineering,6,Part-Time,Pune
T0272,Teacher_0272,Computer Science,14,Part-Time,Pune
T0273,Teacher_0273,Commerce,5,Contract,Kolkata
T0274,Teacher_0274,Arts,15,Part-Time,Mumbai
T0275,Teacher_0275,Data Analytics,14,Full-Time,Chennai
T0276,Teacher_0276,Business,5,Contract,Ahmedabad
T0277,Teacher_0277,Engineering,9,Contract,Delhi
T0278,Teacher_0278,Computer Science,3,Full-Time,Bengaluru
T0279,Teacher_0279,Data Analytics,16,Full-Time,Pune
T0280,Teacher_0280,Computer Science,18,Part-Time,Bengaluru
T0281,Teacher_0281,Computer Science,7,Full-Time,Delhi
T0282,Teacher_0282,Commerce,1,Full-Time,Mumbai
T0283,Teacher_0283,Data Analytics,5,Part-Time,Bengaluru
T0284,Teacher_0284,Commerce,16,Part-Time,Mumbai
T0285,Teacher_0285,Commerce,6,Full-Time,Chennai
T0286,Teacher_0286,Engineering,2,Full-Time,Delhi
T0287,Teacher_0287,Arts,16,Part-Time,Bengaluru
T0288,Teacher_0288,Arts,15,Full-Time,Ahmedabad
T0289,Teacher_0289,Business,16,Contract,Ahmedabad
T0290,Teacher_0290,Business,5,Full-Time,Chennai
T0291,Teacher_0291,Commerce,4,Part-Time,Ahmedabad
T0292,Teacher_0292,Commerce,6,Contract,Delhi
T0293,Teacher_0293,Computer Science,2,Part-Time,Chennai
T0294,Teacher_0294,Computer Science,6,Full-Time,Ahmedabad
T0295,Teacher_0295,Data Analytics,11,Contract,Pune
T0296,Teacher_0296,Engineering,18,Full-Time,Chennai
T0297,Teacher_0297,Commerce,15,Contract,Ahmedabad
T0298,Teacher_0298,Computer Science,9,Full-Time,Hyderabad
T0299,Teacher_0299,Arts,6,Part-Time,Mumbai
T0300,Teacher_0300,Business,5,Contract,Bengaluru
T0301,Teacher_0301,Commerce,15,Full-Time,Chennai
T0302,Teacher_0302,Engineering,18,Full-Time,Kolkata
T0303,Teacher_0303,Engineering,10,Contract,Chennai
T0304,Teacher_0304,Commerce,3,Full-Time,Chennai
T0305,Teacher_0305,Arts,4,Contract,Delhi
T0306,Teacher_0306,Computer Science,11,Contract,Pune
T0307,Teacher_0307,Business,18,Full-Time,Hyderabad
T0308,Teacher_0308,Computer Science,1,Part-Time,Pune
T0309,Teacher_0309,Commerce,8,Part-Time,Bengaluru
T0310,Teacher_0310,Computer Science,11,Part-Time,Pune
T0311,Teacher_0311,Data Analytics,3,Part-Time,Mumbai
T0312,Teacher_0312,Data Analytics,15,Contract,Hyderabad
T0313,Teacher_0313,Computer Science,16,Part-Time,Pune
T0314,Teacher_0314,Data Analytics,9,Contract,Delhi
T0315,Teacher_0315,Computer Science,12,Full-Time,Hyderabad
T0316,Teacher_0316,Data Analytics,8,Full-Time,Delhi
T0317,Teacher_0317,Engineering,12,Full-Time,Delhi
T0318,Teacher_0318,Business,14,Full-Time,Hyderabad
T0319,Teacher_0319,Data Analytics,6,Part-Time,Bengaluru
T0320,Teacher_0320,Business,13,Contract,Ahmedabad
T0321,Teacher_0321,Engineering,19,Part-Time,Delhi
T0322,Teacher_0322,Business,7,Contract,Mumbai
T0323,Teacher_0323,Arts,16,Part-Time,Bengaluru
T0324,Teacher_0324,Computer Science,4,Full-Time,Chennai
T0325,Teacher_0325,Engineering,17,Full-Time,Bengaluru
T0326,Teacher_0326,Engineering,2,Part-Time,Chennai
T0327,Teacher_0327,Commerce,1,Part-Time,Bengaluru
T0328,Teacher_0328,Arts,17,Full-Time,Bengaluru
T0329,Teacher_0329,Computer Science,1,Full-Time,Hyderabad
T0330,Teacher_0330,Arts,2,Full-Time,Bengaluru
T0331,Teacher_0331,Computer Science,14,Full-Time,Bengaluru
T0332,Teacher_0332,Data Analytics,8,Contract,Hyderabad
T0333,Teacher_0333,Business,6,Part-Time,Ahmedabad
T0334,Teacher_0334,Business,18,Full-Time,Chennai
T0335,Teacher_0335,Arts,8,Full-Time,Mumbai
T0336,Teacher_0336,Data Analytics,4,Part-Time,Bengaluru
T0337,Teacher_0337,Business,16,Contract,Chennai
T0338,Teacher_0338,Data Analytics,8,Full-Time,Chennai
T0339,Teacher_0339,Engineering,12,Part-Time,Ahmedabad
T0340,Teacher_0340,Engineering,15,Full-Time,Chennai
T0341,Teacher_0341,Data Analytics,11,Part-Time,Hyderabad
T0342,Teacher_0342,Commerce,9,Part-Time,Mumbai
T0343,Teacher_0343,Computer Science,3,Part-Time,Mumbai
T0344,Teacher_0344,Engineering,3,Full-Time,Ahmedabad
T0345,Teacher_0345,Arts,2,Part-Time,Ahmedabad
T0346,Teacher_0346,Computer Science,2,Contract,Ahmedabad
T0347,Teacher_0347,Commerce,8,Contract,Chennai
T0348,Teacher_0348,Engineering,9,Contract,Ahmedabad
T0349,Teacher_0349,Computer Science,17,Part-Time,Mumbai
T0350,Teacher_0350,Arts,10,Part-Time,Mumbai
T0351,Teacher_0351,Data Analytics,6,Part-Time,Ahmedabad
T0352,Teacher_0352,Data Analytics,11,Part-Time,Pune
T0353,Teacher_0353,Arts,5,Full-Time,Bengaluru
T0354,Teacher_0354,Engineering,11,Part-Time,Hyderabad
T0355,Teacher_0355,Business,3,Contract,Bengaluru
T0356,Teacher_0356,Commerce,18,Part-Time,Hyderabad
T0357,Teacher_0357,Commerce,13,Contract,Chennai
T0358,Teacher_0358,Engineering,1,Part-Time,Delhi
T0359,Teacher_0359,Arts,14,Part-Time,Pune
T0360,Teacher_0360,Business,4,Part-Time,Kolkata
T0361,Teacher_0361,Commerce,12,Contract,Bengaluru
T0362,Teacher_0362,Arts,13,Full-Time,Mumbai
T0363,Teacher_0363,Arts,2,Full-Time,Pune
T0364,Teacher_0364,Business,3,Contract,Ahmedabad
T0365,Teacher_0365,Business,11,Part-Time,Kolkata
T0366,Teacher_0366,Arts,2,Full-Time,Bengaluru
T0367,Teacher_0367,Engineering,16,Full-Time,Delhi
T0368,Teacher_0368,Computer Science,14,Contract,Pune
T0369,Teacher_0369,Arts,8,Part-Time,Pune
T0370,Teacher_0370,Commerce,17,Contract,Delhi
T0371,Teacher_0371,Business,17,Part-Time,Ahmedabad
T0372,Teacher_0372,Data Analytics,19,Part-Time,Ahmedabad
T0373,Teacher_0373,Commerce,8,Full-Time,Hyderabad
T0374,Teacher_0374,Engineering,5,Contract,Pune
T0375,Teacher_0375,Commerce,3,Full-Time,Kolkata
T0376,Teacher_0376,Engineering,1,Contract,Ahmedabad
T0377,Teacher_0377,Commerce,20,Part-Time,Ahmedabad
T0378,Teacher_0378,Data Analytics,3,Full-Time,Mumbai
T0379,Teacher_0379,Computer Science,3,Full-Time,Pune
T0380,Teacher_0380,Arts,14,Part-Time,Mumbai
T0381,Teacher_0381,Engineering,6,Contract,Kolkata
T0382,Teacher_0382,Commerce,18,Part-Time,Pune
T0383,Teacher_0383,Engineering,14,Part-Time,Ahmedabad
T0384,Teacher_0384,Arts,7,Full-Time,Ahmedabad
T0385,Teacher_0385,Data Analytics,19,Part-Time,Mumbai
T0386,Teacher_0386,Business,17,Contract,Pune
T0387,Teacher_0387,Commerce,10,Part-Time,Ahmedabad
T0388,Teacher_0388,Business,10,Part-Time,Delhi
T0389,Teacher_0389,Engineering,11,Contract,Hyderabad
T0390,Teacher_0390,Computer Science,16,Part-Time,Chennai
T0391,Teacher_0391,Computer Science,17,Part-Time,Hyderabad
T0392,Teacher_0392,Computer Science,6,Part-Time,Chennai
T0393,Teacher_0393,Engineering,4,Contract,Kolkata
T0394,Teacher_0394,Commerce,6,Contract,Delhi
T0395,Teacher_0395,Data Analytics,5,Part-Time,Bengaluru
T0396,Teacher_0396,Computer Science,11,Part-Time,Kolkata
T0397,Teacher_0397,Commerce,2,Contract,Chennai
T0398,Teacher_0398,Data Analytics,12,Contract,Bengaluru
T0399,Teacher_0399,Arts,1,Part-Time,Bengaluru
T0400,Teacher_0400,Data Analytics,16,Contract,Hyderabad
T0401,Teacher_0401,Arts,19,Part-Time,Hyderabad
T0402,Teacher_0402,Business,15,Full-Time,Ahmedabad
T0403,Teacher_0403,Data Analytics,3,Contract,Chennai
T0404,Teacher_0404,Commerce,5,Full-Time,Bengaluru
T0405,Teacher_0405,Data Analytics,14,Part-Time,Delhi
T0406,Teacher_0406,Engineering,11,Contract,Pune
T0407,Teacher_0407,Business,2,Contract,Hyderabad
T0408,Teacher_0408,Data Analytics,1,Full-Time,Mumbai
T0409,Teacher_0409,Arts,9,Contract,Delhi
T0410,Teacher_0410,Arts,19,Full-Time,Delhi
T0411,Teacher_0411,Data Analytics,19,Contract,Ahmedabad
T0412,Teacher_0412,Arts,16,Part-Time,Ahmedabad
T0413,Teacher_0413,Computer Science,20,Full-Time,Ahmedabad
T0414,Teacher_0414,Business,4,Contract,Chennai
T0415,Teacher_0415,Data Analytics,11,Full-Time,Kolkata
T0416,Teacher_0416,Computer Science,13,Full-Time,Pune
T0417,Teacher_0417,Business,2,Part-Time,Mumbai
T0418,Teacher_0418,Engineering,20,Full-Time,Mumbai
T0419,Teacher_0419,Data Analytics,5,Contract,Pune
T0420,Teacher_0420,Computer Science,20,Full-Time,Mumbai
T0421,Teacher_0421,Commerce,16,Part-Time,Hyderabad
T0422,Teacher_0422,Arts,7,Full-Time,Mumbai
T0423,Teacher_0423,Engineering,6,Contract,Delhi
T0424,Teacher_0424,Data Analytics,4,Full-Time,Pune
T0425,Teacher_0425,Business,3,Part-Time,Chennai
T0426,Teacher_0426,Arts,9,Part-Time,Hyderabad
T0427,Teacher_0427,Business,9,Full-Time,Bengaluru
T0428,Teacher_0428,Arts,10,Contract,Kolkata
T0429,Teacher_0429,Computer Science,11,Full-Time,Mumbai
T0430,Teacher_0430,Business,1,Contract,Hyderabad
T0431,Teacher_0431,Data Analytics,13,Contract,Chennai
T0432,Teacher_0432,Computer Science,19,Full-Time,Ahmedabad
T0433,Teacher_0433,Arts,7,Full-Time,Bengaluru
T0434,Teacher_0434,Commerce,4,Part-Time,Kolkata
T0435,Teacher_0435,Computer Science,13,Full-Time,Delhi
T0436,Teacher_0436,Data Analytics,1,Part-Time,Mumbai
T0437,Teacher_0437,Data Analytics,8,Contract,Ahmedabad
T0438,Teacher_0438,Business,9,Part-Time,Mumbai
T0439,Teacher_0439,Arts,19,Part-Time,Chennai
T0440,Teacher_0440,Engineering,19,Part-Time,Hyderabad
T0441,Teacher_0441,Computer Science,7,Full-Time,Ahmedabad
T0442,Teacher_0442,Computer Science,2,Full-Time,Kolkata
T0443,Teacher_0443,Engineering,14,Contract,Pune
T0444,Teacher_0444,Arts,11,Contract,Kolkata
T0445,Teacher_0445,Engineering,4,Part-Time,Hyderabad
T0446,Teacher_0446,Business,20,Part-Time,Ahmedabad
T0447,Teacher_0447,Data Analytics,16,Full-Time,Kolkata
T0448,Teacher_0448,Commerce,13,Contract,Bengaluru
T0449,Teacher_0449,Commerce,6,Contract,Mumbai
T0450,Teacher_0450,Commerce,7,Contract,Chennai
T0451,Teacher_0451,Arts,20,Full-Time,Hyderabad
T0452,Teacher_0452,Arts,6,Part-Time,Mumbai
T0453,Teacher_0453,Arts,7,Full-Time,Pune
T0454,Teacher_0454,Data Analytics,3,Contract,Hyderabad
T0455,Teacher_0455,Engineering,1,Part-Time,Kolkata
T0456,Teacher_0456,Data Analytics,17,Part-Time,Pune
T0457,Teacher_0457,Engineering,3,Contract,Ahmedabad
T0458,Teacher_0458,Arts,7,Part-Time,Ahmedabad
T0459,Teacher_0459,Arts,10,Contract,Delhi
T0460,Teacher_0460,Commerce,5,Contract,Pune
T0461,Teacher_0461,Computer Science,19,Full-Time,Delhi
T0462,Teacher_0462,Arts,3,Part-Time,Mumbai
T0463,Teacher_0463,Computer Science,8,Contract,Mumbai
T0464,Teacher_0464,Computer Science,17,Contract,Mumbai
T0465,Teacher_0465,Computer Science,6,Part-Time,Pune
T0466,Teacher_0466,Computer Science,6,Contract,Bengaluru
T0467,Teacher_0467,Data Analytics,4,Full-Time,Pune
T0468,Teacher_0468,Business,3,Full-Time,Chennai
T0469,Teacher_0469,Engineering,20,Full-Time,Bengaluru
T0470,Teacher_0470,Commerce,14,Contract,Kolkata
T0471,Teacher_0471,Computer Science,13,Full-Time,Delhi
T0472,Teacher_0472,Arts,6,Full-Time,Kolkata
T0473,Teacher_0473,Arts,20,Part-Time,Delhi
T0474,Teacher_0474,Commerce,14,Contract,Kolkata
T0475,Teacher_0475,Arts,14,Full-Time,Delhi
T0476,Teacher_0476,Arts,19,Full-Time,Kolkata
T0477,Teacher_0477,Computer Science,6,Contract,Hyderabad
T0478,Teacher_0478,Arts,19,Contract,Ahmedabad
T0479,Teacher_0479,Engineering,14,Contract,Delhi
T0480,Teacher_0480,Arts,3,Full-Time,Pune
T0481,Teacher_0481,Business,3,Part-Time,Delhi
T0482,Teacher_0482,Computer Science,19,Part-Time,Hyderabad
T0483,Teacher_0483,Engineering,2,Contract,Mumbai
T0484,Teacher_0484,Business,11,Full-Time,Chennai
T0485,Teacher_0485,Engineering,3,Full-Time,Hyderabad
T0486,Teacher_0486,Engineering,3,Part-Time,Bengaluru
T0487,Teacher_0487,Commerce,5,Contract,Delhi
T0488,Teacher_0488,Computer Science,17,Contract,Ahmedabad
T0489,Teacher_0489,Data Analytics,10,Contract,Kolkata
T0490,Teacher_0490,Data Analytics,12,Full-Time,Chennai
T0491,Teacher_0491,Arts,19,Full-Time,Hyderabad
T0492,Teacher_0492,Computer Science,8,Contract,Hyderabad
T0493,Teacher_0493,Engineering,10,Full-Time,Chennai
T0494,Teacher_0494,Computer Science,18,Part-Time,Kolkata
T0495,Teacher_0495,Computer Science,12,Part-Time,Chennai
T0496,Teacher_0496,Business,12,Contract,Chennai
T0497,Teacher_0497,Arts,14,Full-Time,Bengaluru
T0498,Teacher_0498,Arts,17,Contract,Delhi
T0499,Teacher_0499,Business,17,Full-Time,Ahmedabad
T0500,Teacher_0500,Computer Science,12,Part-Time,Pune
